<?xml version="1.0" encoding="UTF-8"?>
<addon id="plugin.video.mandrakodi19"
version="1.0.3"
name="MandraKodi Matrix"
provider-name="ElSupremo">
<requires>
  <!--<import addon="xbmc.python" version="3.0.0"/>-->
  <import addon="script.module.requests" version="2.22.0"/>
</requires>
<extension point="xbmc.python.pluginsource" library="main.py">
  <provides>video</provides>
</extension>
<extension point="xbmc.addon.metadata">
  <summary lang="en">MandraKodi (Matrix version)</summary>
  <description lang="en_GB">Free sport for Kodi mediacenter.</description>
  <disclaimer lang="en_GB">This addon is a multimedia content collector via a scraping system</disclaimer>
  <summary lang="it">MandraKodi (Matrix version)</summary>
  <description lang="it_IT">Free sport for Kodi mediacenter.</description>
  <disclaimer lang="it_IT">Questo addon e' un raccoglitore di contenuti multimediali tramite sistema di scraping</disclaimer>
  <assets>
    <icon>icon.png</icon>
    <fanart>fanart.jpg</fanart>
    <screenshot>resources\screenshot-01.jpg</screenshot>
    <screenshot>resources\screenshot-02.jpg</screenshot>
    <screenshot>resources\screenshot-03.jpg</screenshot>    
  </assets>
  <news>
  #Vers. 1.0.3
  Compatibility Kodi 18 and 19
  
  #Vers. 1.0.2
  Add yatse script
  </news>
</extension>
</addon>
